"row_id","month","credit_amount","credit_term","age","sex","education","product_type","region","income","family_status"
1,"Jul",20500,24,36,"Male","Higher Education","Computers","West",31000,"Unmarried"
2,"Jul",57500,18,38,"Male","Secondary Education","Furniture","West",36000,"Unmarried"
3,"Jul",106000,15,32,"Female","Higher Education","Tourism","West",49000,"Unmarried"
4,"Jul",28000,12,23,"Female","Secondary Education","Cell Phones","West",31000,"Unmarried"
5,"Jul",30000,12,22,"Female","Higher Education","Computers","West",46000,"Married"
6,"Jul",8500,7,22,"Female","Higher Education","Household Appliances","West",18000,"Unmarried"
7,"Jul",31500,12,27,"Female","Higher Education","Cell Phones","East",61000,"Unmarried"
8,"Jul",29500,12,64,"Male","Secondary Special Education","Furniture","West",12000,"Unmarried"
9,"Jul",10000,10,43,"Female","Secondary Special Education","Household Appliances","West",16000,"Married"
10,"Jul",26000,12,68,"Male","Secondary Special Education","Medical Services","West",19000,"Unmarried"
11,"Jul",71500,12,64,"Male","Secondary Special Education","Windows & Doors","West",21000,"Married"
12,"Jul",27500,12,27,"Male","Incomplete Higher Education","Computers","West",26000,"Unmarried"
13,"Jul",12500,12,72,"Male","Secondary Education","Household Appliances","West",21000,"Married"
14,"Jul",41500,3,43,"Male","Higher Education","Clothing","West",44000,"Unmarried"
15,"Jul",34500,10,36,"Male","Higher Education","Tourism","West",41000,"Unmarried"
16,"Jul",19000,12,73,"Male","Secondary Special Education","Windows & Doors","West",16000,"Unmarried"
17,"Jul",19000,6,30,"Female","Secondary Special Education","Furniture","East",41000,"Unmarried"
18,"Jul",29000,10,42,"Male","Higher Education","Jewelry","East",31000,"DSW"
19,"Jul",19000,10,60,"Male","Secondary Special Education","Household Appliances","West",21000,"DSW"
20,"Jul",15500,6,23,"Female","Secondary Special Education","Cell Phones","Midwest",26000,"Married"
21,"Jul",27000,12,39,"Male","Secondary Special Education","Clothing","West",17000,"Unmarried"
22,"Jul",8000,10,22,"Female","Secondary Special Education","Cell Phones","West",20000,"Unmarried"
23,"Jul",48000,24,35,"Male","Secondary Education","Auto","West",16000,"Married"
24,"Jul",26000,6,27,"Female","Higher Education","Cell Phones","West",56000,"Unmarried"
25,"Jul",21000,3,38,"Male","Secondary Special Education","Household Appliances","West",101000,"Married"
26,"Jul",13000,4,26,"Male","Higher Education","Cell Phones","West",26000,"Married"
27,"Jul",15000,6,37,"Male","Secondary Special Education","Household Appliances","West",21000,"Unmarried"
28,"Jul",14500,10,20,"Male","Secondary Special Education","Cell Phones","West",18000,"Unmarried"
29,"Jul",15000,6,27,"Female","Higher Education","Household Appliances","West",33000,"Unmarried"
30,"Jul",10000,4,40,"Female","Secondary Special Education","Cell Phones","West",28000,"Unmarried"
31,"Jul",12000,3,29,"Female","Secondary Special Education","Cell Phones","West",36000,"Unmarried"
32,"Jul",25000,24,65,"Female","Secondary Special Education","Household Appliances","West",18000,"Married"
33,"Jul",37000,9,31,"Female","Secondary Special Education","Household Appliances","East",46000,"Unmarried"
34,"Jul",15000,6,29,"Female","Incomplete Higher Education","Computers","Midwest",36000,"Unmarried"
35,"Jul",25000,4,22,"Female","Higher Education","Medical Services","West",31000,"Unmarried"
36,"Jul",35000,6,42,"Female","Secondary Special Education","Household Appliances","West",51000,"Unmarried"
37,"Jul",18000,10,35,"Male","Secondary Education","Furniture","West",101000,"Unmarried"
38,"Jul",16500,6,30,"Female","Incomplete Higher Education","Sporting Goods","West",26000,"Unmarried"
39,"Jul",41000,10,23,"Male","Incomplete Higher Education","Household Appliances","West",21000,"Married"
40,"Jul",22000,8,24,"Female","Higher Education","Household Appliances","West",51000,"Unmarried"
41,"Jul",20500,12,48,"Female","Incomplete Secondary Education","Cell Phones","West",11000,"Unmarried"
42,"Jul",12000,6,31,"Male","Secondary Special Education","Household Appliances","West",31000,"Unmarried"
43,"Jul",31500,6,28,"Female","Higher Education","Computers","West",76000,"Unmarried"
44,"Jul",31500,18,29,"Male","Secondary Special Education","Household Appliances","West",19000,"Unmarried"
45,"Jul",68000,24,34,"Female","Secondary Special Education","Boats","West",51000,"Unmarried"
46,"Jul",35500,12,24,"Male","Higher Education","Household Appliances","East",26000,"Married"
47,"Jul",11500,12,33,"Female","Higher Education","Computers","West",46000,"Unmarried"
48,"Jul",7500,6,21,"Male","Incomplete Higher Education","Cell Phones","West",17000,"Unmarried"
49,"Jul",47500,18,48,"Male","Higher Education","Cosmetics And Beauty Services","Midwest",39000,"Unmarried"
50,"Jul",11500,12,28,"Female","Phd Degree","Cell Phones","West",21000,"Unmarried"
51,"Jul",14500,10,39,"Male","Higher Education","Household Appliances","West",26000,"Unmarried"
52,"Jul",19000,3,72,"Male","Secondary Special Education","Furniture","West",36000,"Unmarried"
53,"Jul",8000,6,31,"Female","Secondary Special Education","Household Appliances","West",31000,"Unmarried"
54,"Jul",10500,6,19,"Male","Secondary Special Education","Cell Phones","East",21000,"Unmarried"
55,"Jul",14000,6,28,"Male","Secondary Education","Furniture","West",21000,"Unmarried"
56,"Jul",29500,3,40,"Male","Higher Education","Furniture","East",74000,"Married"
57,"Jul",60500,15,44,"Male","Incomplete Higher Education","Tourism","West",41000,"DSW"
58,"Jul",29500,6,51,"Male","Higher Education","Household Appliances","East",51000,"Unmarried"
59,"Jul",5000,12,24,"Male","Secondary Special Education","Household Appliances","West",31000,"Married"
60,"Jul",15000,6,25,"Male","Higher Education","Tourism","East",66000,"Married"
61,"Jul",11000,3,58,"Male","Secondary Special Education","Furniture","West",26000,"Married"
62,"Jul",14500,12,34,"Female","Secondary Special Education","Jewelry","West",31000,"Married"
63,"Jul",11500,12,24,"Female","Secondary Special Education","Furniture","West",16000,"Unmarried"
64,"Jul",28500,12,30,"Female","Higher Education","Windows & Doors","West",21000,"Married"
65,"Jul",16500,5,34,"Male","Secondary Special Education","Household Appliances","West",18000,"Unmarried"
66,"Jul",20500,12,30,"Female","Higher Education","Computers","West",26000,"Unmarried"
67,"Jul",20500,12,28,"Male","Higher Education","Cell Phones","West",41000,"Unmarried"
68,"Jul",12000,6,60,"Male","Higher Education","Furniture","West",26000,"Unmarried"
69,"Jul",9000,3,33,"Male","Secondary Education","Household Appliances","West",38000,"Unmarried"
70,"Jul",23500,6,36,"Male","Higher Education","Household Appliances","West",31000,"Unmarried"
71,"Jul",82000,36,90,"Male","Higher Education","Windows & Doors","East",46000,"Unmarried"
72,"Jul",15000,6,22,"Female","Secondary Special Education","Computers","West",19000,"Unmarried"
73,"Jul",6500,12,34,"Female","Secondary Special Education","Household Appliances","West",16000,"Married"
74,"Jul",48500,18,41,"Male","Secondary Special Education","Cosmetics And Beauty Services","West",26000,"Married"
75,"Jul",49000,12,28,"Female","Secondary Special Education","Household Appliances","East",66000,"Unmarried"
76,"Jul",11500,6,49,"Male","Secondary Education","Cell Phones","West",41000,"Unmarried"
77,"Jul",89000,30,23,"Female","Secondary Special Education","Boats","East",41000,"Unmarried"
78,"Jul",54500,18,46,"Female","Higher Education","Computers","East",66000,"Unmarried"
79,"Jul",8500,12,44,"Female","Secondary Education","Cell Phones","West",21000,"Unmarried"
80,"Jul",33000,12,22,"Male","Higher Education","Training","East",36000,"Unmarried"
81,"Jul",36000,12,26,"Female","Secondary Special Education","Household Appliances","West",40000,"Unmarried"
82,"Jul",54000,12,27,"Female","Higher Education","Computers","West",51000,"Unmarried"
83,"Jul",52500,3,30,"Female","Secondary Education","Auto","West",56000,"Married"
84,"Jul",22500,10,35,"Male","Secondary Education","Furniture","East",61000,"Unmarried"
85,"Jul",25500,12,72,"Male","Higher Education","Jewelry","West",19000,"Married"
86,"Jul",9000,12,43,"Male","Higher Education","Cell Phones","West",41000,"Unmarried"
87,"Jul",20000,12,24,"Male","Secondary Special Education","Cell Phones","West",21000,"Married"
88,"Jul",13000,6,34,"Male","Secondary Special Education","Furniture","West",25000,"Unmarried"
89,"Jul",127000,15,50,"Female","Higher Education","Tourism","West",66000,"Unmarried"
90,"Jul",37000,12,34,"Male","Higher Education","Fishing And Hunting Supplies","West",31000,"Unmarried"
91,"Jul",57000,8,26,"Female","Higher Education","Furniture","West",31000,"Unmarried"
92,"Jul",73000,24,47,"Male","Higher Education","Cosmetics And Beauty Services","Midwest",28000,"Unmarried"
93,"Jul",8000,12,26,"Male","Higher Education","Cell Phones","West",14000,"Unmarried"
94,"Jul",13500,12,21,"Male","Secondary Special Education","Cell Phones","West",26000,"Married"
95,"Jul",39500,12,32,"Male","Higher Education","Repair Services","West",20000,"Unmarried"
96,"Jul",7000,4,53,"Female","Secondary Special Education","Cell Phones","East",16000,"Married"
97,"Jul",8000,6,35,"Male","Secondary Special Education","Cell Phones","West",19000,"DSW"
98,"Jul",101000,18,35,"Female","Higher Education","Furniture","Midwest",96000,"Unmarried"
99,"Jul",8500,12,24,"Female","Secondary Special Education","Cell Phones","West",25000,"DSW"
100,"Jul",103000,24,59,"Male","Higher Education","Cosmetics And Beauty Services","West",36000,"Unmarried"
101,"Jul",25000,12,22,"Male","Secondary Special Education","Cell Phones","West",24000,"Unmarried"
102,"Jul",28000,12,24,"Male","Higher Education","Cell Phones","West",31000,"Married"
103,"Jul",8500,12,24,"Female","Secondary Special Education","Cell Phones","West",26000,"Unmarried"
104,"Jul",58000,12,41,"Male","Secondary Special Education","Boats","East",41000,"Unmarried"
105,"Jul",7500,3,31,"Female","Secondary Special Education","Furniture","West",20000,"Unmarried"
106,"Jul",20000,24,22,"Female","Secondary Special Education","Household Appliances","West",16000,"Unmarried"
107,"Jul",32000,12,23,"Female","Secondary Education","Construction Materials","West",31000,"Married"
108,"Jul",73000,24,62,"Male","Secondary Special Education","Cosmetics And Beauty Services","East",21000,"Married"
109,"Jul",7500,6,40,"Female","Secondary Special Education","Cell Phones","West",26000,"Married"
110,"Jul",28000,12,23,"Female","Secondary Special Education","Household Appliances","East",31000,"Unmarried"
111,"Jul",36000,18,25,"Female","Higher Education","Cell Phones","West",31000,"Unmarried"
112,"Jul",8000,6,39,"Male","Secondary Special Education","Cell Phones","West",14000,"Married"
113,"Jul",19500,12,62,"Male","Secondary Special Education","Construction Materials","West",11000,"Unmarried"
114,"Jul",23500,8,24,"Female","Secondary Special Education","Sporting Goods","West",36000,"Married"
115,"Jul",29500,6,24,"Female","Higher Education","Cell Phones","West",26000,"Unmarried"
116,"Jul",19500,10,19,"Male","Secondary Special Education","Cell Phones","West",20000,"Unmarried"
117,"Jul",33000,6,26,"Male","Incomplete Higher Education","Cell Phones","West",36000,"Married"
118,"Jul",31000,12,54,"Female","Secondary Special Education","Cell Phones","West",28000,"Unmarried"
119,"Jul",32000,18,57,"Female","Higher Education","Household Appliances","East",35000,"Married"
120,"Jul",8000,8,31,"Female","Secondary Special Education","Computers","West",31000,"Unmarried"
121,"Jul",24000,3,21,"Female","Secondary Special Education","Computers","East",71000,"Unmarried"
122,"Jul",14500,10,26,"Male","Higher Education","Jewelry","West",26000,"Unmarried"
123,"Jul",29000,11,26,"Male","Higher Education","Fitness","West",51000,"DSW"
124,"Jul",7000,12,20,"Male","Secondary Special Education","Cell Phones","West",6000,"Married"
125,"Jul",78000,36,33,"Female","Secondary Special Education","Auto","West",28000,"Unmarried"
126,"Jul",32000,12,33,"Male","Secondary Special Education","Household Appliances","West",31000,"Unmarried"
127,"Jul",77000,18,47,"Male","Higher Education","Training","East",66000,"Married"
128,"Jul",85000,36,41,"Male","Higher Education","Household Appliances","West",31000,"Married"
129,"Jul",23500,10,60,"Male","Higher Education","Clothing","East",41000,"Unmarried"
130,"Jul",41000,10,29,"Male","Higher Education","Furniture","West",26000,"DSW"
131,"Jul",14500,6,33,"Male","Secondary Special Education","Computers","West",19000,"DSW"
132,"Jul",8000,6,20,"Male","Incomplete Secondary Education","Cell Phones","West",21000,"Unmarried"
133,"Jul",25000,12,23,"Male","Higher Education","Household Appliances","West",16000,"Unmarried"
134,"Jul",40500,18,36,"Male","Higher Education","Household Appliances","West",21000,"Unmarried"
135,"Jul",38000,18,44,"Male","Higher Education","Cosmetics And Beauty Services","West",36000,"Unmarried"
136,"Jul",23000,6,39,"Male","Secondary Education","Jewelry","West",26000,"Unmarried"
137,"Jul",21000,6,28,"Female","Secondary Education","Cell Phones","West",41000,"Married"
138,"Jul",11000,12,26,"Female","Secondary Education","Household Appliances","West",31000,"Unmarried"
139,"Jul",11000,12,26,"Male","Higher Education","Cell Phones","West",37000,"Married"
140,"Jul",6500,4,33,"Male","Higher Education","Cell Phones","West",26000,"Unmarried"
141,"Jul",12500,12,37,"Male","Secondary Special Education","Cell Phones","West",16000,"Unmarried"
142,"Jul",6000,12,38,"Male","Secondary Education","Windows & Doors","West",13000,"Unmarried"
143,"Jul",35500,30,52,"Male","Secondary Special Education","Cosmetics And Beauty Services","West",9000,"Married"
144,"Jul",9500,12,49,"Male","Secondary Special Education","Cell Phones","West",11000,"Unmarried"
145,"Jul",19500,12,62,"Male","Secondary Special Education","Furniture","West",21000,"Unmarried"
146,"Aug",16500,6,32,"Female","Secondary Special Education","Household Appliances","West",24000,"Married"
147,"Aug",61000,24,73,"Male","Secondary Education","Furniture","West",16000,"Unmarried"
148,"Aug",16500,10,53,"Male","Secondary Education","Household Appliances","West",21000,"Unmarried"
149,"Aug",16500,12,74,"Male","Secondary Special Education","Household Appliances","West",19000,"Unmarried"
150,"Aug",57500,36,29,"Female","Higher Education","Windows & Doors","West",17000,"Unmarried"
151,"Aug",39000,12,55,"Female","Secondary Special Education","Computers","West",41000,"Unmarried"
152,"Aug",17000,10,20,"Male","Secondary Education","Cell Phones","West",17000,"Unmarried"
153,"Aug",9500,6,22,"Female","Secondary Special Education","Cell Phones","West",18000,"Unmarried"
154,"Aug",50500,27,28,"Female","Secondary Education","Household Appliances","West",34000,"Unmarried"
155,"Aug",7500,3,26,"Female","Secondary Special Education","Computers","West",26000,"Unmarried"
156,"Aug",201000,24,26,"Female","Secondary Special Education","Windows & Doors","West",41000,"Unmarried"
157,"Aug",24000,6,49,"Female","Secondary Special Education","Household Appliances","West",26000,"Unmarried"
158,"Aug",14000,12,20,"Male","Secondary Education","Cell Phones","West",21000,"Married"
159,"Aug",48000,6,61,"Male","Higher Education","Construction Materials","West",22000,"Unmarried"
160,"Aug",5000,6,38,"Female","Secondary Special Education","Cell Phones","West",16000,"Unmarried"
161,"Aug",16000,12,42,"Male","Secondary Special Education","Auto","West",24000,"Married"
162,"Aug",28500,12,46,"Male","Secondary Special Education","Clothing","West",16000,"Unmarried"
163,"Aug",9000,6,48,"Female","Secondary Special Education","Household Appliances","West",31000,"Married"
164,"Aug",30000,12,21,"Female","Secondary Special Education","Cell Phones","West",41000,"DSW"
165,"Aug",28500,12,21,"Female","Secondary Special Education","Cell Phones","West",26000,"Unmarried"
166,"Aug",26500,6,41,"Female","Secondary Education","Household Appliances","West",36000,"Married"
167,"Aug",18000,6,47,"Male","Secondary Special Education","Household Appliances","West",10000,"Unmarried"
168,"Aug",26500,18,26,"Male","Higher Education","Cell Phones","East",56000,"Unmarried"
169,"Aug",31000,12,26,"Female","Secondary Special Education","Household Appliances","West",31000,"Unmarried"
170,"Aug",9000,12,34,"Male","Secondary Special Education","Cell Phones","West",19000,"Married"
171,"Aug",9500,10,24,"Female","Secondary Special Education","Cell Phones","West",26000,"Unmarried"
172,"Aug",9000,12,27,"Male","Higher Education","Household Appliances","West",21000,"Unmarried"
173,"Aug",8500,3,65,"Male","Secondary Special Education","Cell Phones","West",10000,"Married"
174,"Aug",12000,6,25,"Female","Secondary Special Education","Cell Phones","West",13000,"Unmarried"
175,"Aug",9500,6,45,"Male","Secondary Special Education","Household Appliances","West",24000,"Unmarried"
176,"Aug",20000,12,35,"Female","Secondary Special Education","Household Appliances","West",41000,"Unmarried"
177,"Aug",25000,24,35,"Female","Secondary Special Education","Auto","West",36000,"Unmarried"
178,"Aug",42500,24,52,"Male","Higher Education","Cosmetics And Beauty Services","Midwest",40000,"Unmarried"
179,"Aug",84000,36,26,"Male","Secondary Special Education","Construction Materials","West",27000,"Unmarried"
180,"Aug",15000,12,49,"Female","Higher Education","Furniture","West",36000,"Unmarried"
181,"Aug",121000,12,48,"Male","Higher Education","Medical Services","East",21000,"Unmarried"
182,"Aug",45000,10,48,"Male","Higher Education","Medical Services","East",51000,"Unmarried"
183,"Aug",15000,12,37,"Male","Incomplete Higher Education","Household Appliances","West",16000,"Unmarried"
184,"Aug",6500,3,28,"Male","Incomplete Higher Education","Furniture","Midwest",26000,"Married"
185,"Aug",101000,12,46,"Male","Secondary Special Education","Furniture","East",33000,"Unmarried"
186,"Aug",13000,10,32,"Female","Secondary Special Education","Household Appliances","West",36000,"Unmarried"
187,"Aug",13000,12,23,"Male","Secondary Special Education","Household Appliances","West",16000,"Married"
188,"Aug",5000,5,27,"Female","Secondary Education","Cell Phones","West",27000,"Unmarried"
189,"Aug",40500,12,25,"Male","Secondary Special Education","Cell Phones","West",26000,"Married"
190,"Aug",44500,12,28,"Male","Higher Education","Clothing","East",81000,"Unmarried"
191,"Aug",34500,10,27,"Female","Higher Education","Cell Phones","West",31000,"Unmarried"
192,"Aug",8500,4,30,"Female","Higher Education","Household Appliances","West",31000,"Unmarried"
193,"Aug",21500,10,70,"Female","Secondary Special Education","Construction Materials","West",22000,"Unmarried"
194,"Aug",14500,8,23,"Female","Secondary Special Education","Household Appliances","West",26000,"Unmarried"
195,"Aug",13000,3,37,"Female","Higher Education","Household Appliances","West",36000,"Unmarried"
196,"Aug",7500,6,60,"Male","Secondary Special Education","Household Appliances","West",13000,"Married"
197,"Aug",25500,20,30,"Male","Secondary Special Education","Clothing","West",28000,"Unmarried"
198,"Aug",44000,18,27,"Male","Higher Education","Household Appliances","West",31000,"Married"
199,"Aug",18000,12,62,"Female","Secondary Special Education","Household Appliances","West",9000,"Unmarried"
200,"Aug",27000,24,21,"Male","Incomplete Higher Education","Household Appliances","West",21000,"Unmarried"
201,"Aug",73000,9,56,"Male","Secondary Special Education","Household Appliances","West",25000,"Unmarried"
202,"Aug",18500,6,45,"Female","Secondary Education","Cell Phones","West",16000,"Married"
203,"Aug",13000,6,51,"Male","Higher Education","Household Appliances","East",51000,"Married"
204,"Aug",14000,12,24,"Female","Secondary Special Education","Computers","West",26000,"Married"
205,"Aug",44000,12,54,"Male","Higher Education","Cosmetics And Beauty Services","West",36000,"Unmarried"
206,"Aug",11000,12,22,"Female","Incomplete Higher Education","Cell Phones","West",29000,"Unmarried"
207,"Aug",44000,12,37,"Male","Higher Education","Cosmetics And Beauty Services","East",26000,"Unmarried"
208,"Aug",25000,18,30,"Female","Higher Education","Cell Phones","West",46000,"Unmarried"
209,"Aug",15000,12,22,"Female","Higher Education","Audio & Video","West",41000,"Unmarried"
210,"Aug",13000,3,42,"Male","Higher Education","Household Appliances","East",41000,"Unmarried"
211,"Aug",65000,10,23,"Male","Higher Education","Clothing","West",26000,"Unmarried"
212,"Aug",19500,12,22,"Male","Secondary Special Education","Cell Phones","West",19000,"Unmarried"
213,"Aug",17500,12,33,"Female","Higher Education","Household Appliances","East",31000,"Unmarried"
214,"Aug",19000,12,22,"Female","Incomplete Higher Education","Cell Phones","Midwest",30000,"Unmarried"
215,"Aug",9500,4,34,"Female","Secondary Education","Household Appliances","West",31000,"Unmarried"
216,"Aug",27000,18,24,"Female","Secondary Special Education","Computers","West",21000,"Unmarried"
217,"Aug",30000,12,33,"Female","Higher Education","Household Appliances","West",36000,"Married"
218,"Aug",27000,12,23,"Male","Secondary Special Education","Computers","West",23000,"Unmarried"
219,"Aug",19000,12,23,"Female","Secondary Special Education","Cell Phones","West",41000,"Married"
220,"Aug",41000,18,50,"Male","Secondary Special Education","Cosmetics And Beauty Services","East",31000,"Unmarried"
221,"Aug",9500,3,51,"Male","Secondary Special Education","Household Appliances","West",16000,"Unmarried"
222,"Aug",5500,6,23,"Male","Secondary Special Education","Jewelry","Midwest",31000,"Unmarried"
223,"Aug",38500,24,32,"Female","Secondary Special Education","Cosmetics And Beauty Services","West",31000,"Married"
224,"Aug",28000,18,54,"Female","Secondary Education","Household Appliances","West",16000,"Unmarried"
225,"Aug",13500,6,68,"Female","Secondary Education","Furniture","West",14000,"Unmarried"
226,"Aug",22500,12,23,"Male","Higher Education","Computers","West",26000,"Unmarried"
227,"Aug",7000,6,37,"Male","Secondary Special Education","Computers","West",25000,"Married"
228,"Aug",30000,18,19,"Male","Secondary Education","Cell Phones","West",25000,"Unmarried"
229,"Aug",5500,3,36,"Female","Secondary Special Education","Construction Materials","West",21000,"Unmarried"
230,"Aug",29500,6,21,"Female","Incomplete Higher Education","Cell Phones","West",33000,"DSW"
231,"Aug",26500,12,24,"Male","Higher Education","Furniture","West",41000,"Married"
232,"Aug",14500,6,25,"Female","Secondary Special Education","Computers","West",26000,"Unmarried"
233,"Aug",28500,10,45,"Male","Higher Education","Cell Phones","West",66000,"DSW"
234,"Aug",87500,18,55,"Male","Secondary Special Education","Cosmetics And Beauty Services","East",36000,"Unmarried"
235,"Aug",41500,12,49,"Male","Higher Education","Furniture","West",19000,"Married"
236,"Aug",38000,36,51,"Male","Secondary Special Education","Tourism","West",18000,"Unmarried"
237,"Aug",21000,15,29,"Male","Secondary Special Education","Household Appliances","West",36000,"Unmarried"
238,"Aug",13500,10,40,"Male","Secondary Special Education","Cell Phones","West",21000,"Unmarried"
239,"Aug",11500,6,73,"Male","Secondary Special Education","Household Appliances","West",13000,"Married"
240,"Aug",5000,3,47,"Female","Secondary Special Education","Household Appliances","West",51000,"Unmarried"
241,"Aug",15000,3,21,"Female","Incomplete Higher Education","Household Appliances","West",21000,"Unmarried"
242,"Aug",16500,12,31,"Male","Secondary Special Education","Household Appliances","West",15000,"Married"
243,"Aug",11000,10,39,"Female","Secondary Education","Household Appliances","East",71000,"Unmarried"
244,"Aug",26000,6,53,"Male","Secondary Special Education","Clothing","West",16000,"DSW"
245,"Aug",9500,10,31,"Male","Secondary Special Education","Household Appliances","West",16000,"Unmarried"
246,"Aug",27500,6,42,"Male","Secondary Special Education","Household Appliances","West",31000,"DSW"
247,"Aug",25000,12,54,"Male","Higher Education","Household Appliances","West",19000,"Unmarried"
248,"Aug",7500,6,25,"Male","Higher Education","Cell Phones","West",19000,"Unmarried"
249,"Aug",29000,12,48,"Female","Secondary Education","Computers","West",41000,"Unmarried"
250,"Aug",22500,12,19,"Female","Secondary Special Education","Cell Phones","West",31000,"Unmarried"
251,"Aug",9500,6,25,"Female","Secondary Special Education","Furniture","West",16000,"Unmarried"
252,"Aug",72000,24,42,"Female","Secondary Special Education","Household Appliances","East",71000,"DSW"
253,"Aug",7000,6,58,"Female","Secondary Special Education","Computers","West",21000,"Married"
254,"Aug",7500,3,36,"Female","Secondary Education","Household Appliances","West",31000,"Unmarried"
255,"Aug",33000,6,26,"Male","Secondary Special Education","Cell Phones","West",31000,"Unmarried"
256,"Aug",35000,6,36,"Male","Higher Education","Audio & Video","West",29000,"Unmarried"
257,"Aug",60000,24,30,"Male","Higher Education","Household Appliances","West",22000,"Unmarried"
258,"Aug",7000,6,33,"Male","Secondary Special Education","Cell Phones","West",13000,"Married"
259,"Aug",51500,12,58,"Male","Secondary Education","Household Appliances","West",11000,"Married"
260,"Aug",71500,12,26,"Male","Incomplete Higher Education","Medical Services","West",51000,"Unmarried"
261,"Aug",54500,12,29,"Female","Secondary Special Education","Construction Materials","West",56000,"Unmarried"
262,"Aug",30000,7,59,"Male","Higher Education","Clothing","West",24000,"Unmarried"
263,"Aug",45000,18,30,"Male","Secondary Special Education","Cosmetics And Beauty Services","West",26000,"Unmarried"
264,"Aug",43000,10,33,"Male","Secondary Special Education","Windows & Doors","East",28000,"Married"
265,"Aug",39500,30,49,"Male","Higher Education","Cosmetics And Beauty Services","West",13000,"Married"
266,"Aug",14000,12,33,"Female","Secondary Special Education","Jewelry","West",51000,"Unmarried"
267,"Aug",27500,9,38,"Female","Higher Education","Computers","East",81000,"Unmarried"
268,"Aug",13000,12,27,"Male","Secondary Special Education","Cell Phones","West",31000,"Unmarried"
269,"Aug",15000,12,35,"Male","Secondary Education","Household Appliances","West",21000,"Married"
270,"Aug",34000,16,28,"Female","Secondary Special Education","Cell Phones","West",41000,"Unmarried"
271,"Aug",13000,6,30,"Male","Higher Education","Clothing","West",26000,"DSW"
272,"Aug",52500,24,63,"Female","Higher Education","Tourism","West",1000,"Unmarried"
273,"Aug",54500,12,27,"Male","Higher Education","Tourism","West",46000,"Unmarried"
274,"Aug",21500,18,29,"Male","Higher Education","Household Appliances","West",27000,"Married"
275,"Aug",16500,12,78,"Male","Secondary Special Education","Windows & Doors","East",21000,"DSW"
276,"Aug",10000,3,46,"Male","Higher Education","Furniture","West",17000,"Married"
277,"Aug",27500,24,35,"Male","Secondary Special Education","Household Appliances","West",31000,"DSW"
278,"Aug",10500,6,31,"Male","Higher Education","Cell Phones","West",22000,"Unmarried"
279,"Aug",45000,11,27,"Male","Higher Education","Household Appliances","West",21000,"Unmarried"
280,"Aug",20500,12,21,"Female","Higher Education","Computers","Midwest",46000,"Unmarried"
281,"Aug",31500,18,61,"Female","Higher Education","Cell Phones","West",37000,"Unmarried"
282,"Aug",15500,12,22,"Female","Secondary Special Education","Household Appliances","West",16000,"Unmarried"
283,"Aug",36000,15,21,"Male","Higher Education","Furniture","West",21000,"Married"
284,"Aug",15500,3,21,"Male","Higher Education","Household Appliances","West",46000,"Unmarried"
285,"Aug",118500,11,37,"Female","Incomplete Secondary Education","Furniture","Midwest",111000,"Unmarried"
286,"Aug",13500,10,25,"Female","Secondary Special Education","Household Appliances","West",26000,"Unmarried"
287,"Aug",36000,6,39,"Male","Higher Education","Computers","West",55000,"Married"
288,"Sep",31500,8,31,"Female","Higher Education","Cell Phones","East",53000,"Married"
289,"Sep",16500,6,38,"Female","Secondary Special Education","Household Appliances","West",19000,"Unmarried"
290,"Sep",15500,6,35,"Female","Secondary Special Education","Cell Phones","West",31000,"Married"
291,"Sep",6500,5,51,"Male","Secondary Special Education","Household Appliances","West",16000,"Unmarried"
292,"Sep",78500,30,24,"Male","Secondary Special Education","Cosmetics And Beauty Services","West",31000,"Unmarried"
293,"Sep",30000,10,44,"Male","Secondary Special Education","Household Appliances","West",20000,"Married"
294,"Sep",53500,24,35,"Female","Higher Education","Household Appliances","West",71000,"Unmarried"
295,"Sep",16000,16,19,"Female","Secondary Special Education","Cell Phones","West",26000,"Married"
296,"Sep",109000,36,44,"Male","Higher Education","Furniture","West",26000,"Unmarried"
297,"Sep",36500,24,25,"Female","Secondary Special Education","Household Appliances","West",32000,"Unmarried"
298,"Sep",33500,10,22,"Male","Higher Education","Cell Phones","West",26000,"Married"
299,"Sep",26500,15,50,"Male","Higher Education","Cell Phones","West",16000,"Married"
300,"Sep",23500,10,38,"Female","Higher Education","Household Appliances","East",41000,"Unmarried"
301,"Sep",12000,24,28,"Female","Secondary Special Education","Household Appliances","West",26000,"Married"
302,"Sep",30500,12,19,"Male","Secondary Special Education","Cell Phones","West",31000,"Married"
303,"Sep",20500,12,28,"Male","Secondary Special Education","Household Appliances","West",26000,"Married"
304,"Sep",15000,10,22,"Male","Incomplete Higher Education","Cell Phones","West",26000,"Unmarried"
305,"Sep",29500,12,78,"Female","Higher Education","Boats","West",13000,"Unmarried"
306,"Sep",17000,11,23,"Female","Secondary Special Education","Household Appliances","West",31000,"Unmarried"
307,"Sep",56500,12,49,"Female","Incomplete Higher Education","Furniture","West",34000,"Unmarried"
308,"Sep",19000,12,19,"Male","Secondary Special Education","Household Appliances","West",19000,"Unmarried"
309,"Sep",14500,12,51,"Male","Secondary Special Education","Windows & Doors","West",19000,"Unmarried"
310,"Sep",57000,18,44,"Male","Higher Education","Cosmetics And Beauty Services","West",36000,"Unmarried"
311,"Sep",26000,12,34,"Male","Higher Education","Computers","West",56000,"Married"
312,"Sep",33500,12,24,"Female","Secondary Education","Cell Phones","East",51000,"Unmarried"
313,"Sep",31000,12,21,"Female","Secondary Special Education","Cell Phones","West",36000,"Married"
314,"Sep",52000,15,49,"Female","Higher Education","Training","East",51000,"Unmarried"
315,"Sep",11000,3,41,"Male","Secondary Special Education","Computers","West",21000,"Unmarried"
316,"Sep",58500,12,59,"Male","Secondary Education","Windows & Doors","West",38000,"Unmarried"
317,"Sep",26000,12,45,"Female","Secondary Special Education","Household Appliances","West",16000,"DSW"
318,"Sep",66500,24,38,"Male","Higher Education","Household Appliances","West",121000,"Unmarried"
319,"Sep",34500,12,45,"Male","Higher Education","Furniture","West",16000,"Unmarried"
320,"Sep",15500,6,29,"Female","Secondary Special Education","Household Appliances","West",21000,"Unmarried"
321,"Sep",19500,12,35,"Male","Secondary Special Education","Household Appliances","West",21000,"Unmarried"
322,"Sep",12000,12,57,"Male","Secondary Special Education","Furniture","West",16000,"Married"
323,"Sep",12000,8,52,"Male","Secondary Special Education","Household Appliances","West",26000,"Unmarried"
324,"Sep",18500,4,47,"Male","Higher Education","Fitness","West",31000,"Married"
325,"Sep",55000,15,25,"Male","Higher Education","Training","East",41000,"Unmarried"
326,"Sep",28500,12,30,"Female","Secondary Special Education","Computers","Midwest",31000,"Married"
327,"Sep",17500,24,35,"Female","Higher Education","Furniture","West",41000,"Unmarried"
328,"Sep",15000,10,23,"Male","Secondary Special Education","Computers","West",18000,"Unmarried"
329,"Sep",36000,12,33,"Female","Secondary Special Education","Household Appliances","West",51000,"Unmarried"
330,"Sep",8000,6,44,"Male","Secondary Special Education","Cell Phones","West",26000,"Unmarried"
331,"Sep",7500,6,49,"Male","Secondary Special Education","Windows & Doors","West",16000,"Unmarried"
332,"Sep",42000,8,26,"Female","Secondary Education","Windows & Doors","West",26000,"Unmarried"
333,"Sep",6000,4,25,"Female","Secondary Special Education","Jewelry","West",21000,"Unmarried"
334,"Sep",45000,18,31,"Male","Higher Education","Cosmetics And Beauty Services","East",51000,"Unmarried"
335,"Sep",11000,6,53,"Male","Secondary Special Education","Furniture","West",26000,"Unmarried"
336,"Sep",28000,12,31,"Male","Incomplete Higher Education","Household Appliances","East",31000,"Unmarried"
337,"Sep",15000,6,55,"Male","Higher Education","Computers","West",41000,"Unmarried"
338,"Sep",15000,3,32,"Female","Higher Education","Furniture","West",21000,"Unmarried"
339,"Sep",21500,12,29,"Female","Secondary Special Education","Cell Phones","West",26000,"Unmarried"
340,"Sep",18000,12,43,"Male","Higher Education","Windows & Doors","West",26000,"Unmarried"
341,"Sep",6000,12,30,"Male","Secondary Special Education","Cell Phones","West",11000,"Unmarried"
342,"Sep",31000,36,62,"Male","Secondary Special Education","Sporting Goods","West",11000,"Unmarried"
343,"Sep",6500,6,28,"Male","Higher Education","Household Appliances","West",29000,"Married"
344,"Sep",14000,6,27,"Female","Secondary Education","Cell Phones","West",24000,"Unmarried"
345,"Sep",30000,12,51,"Female","Secondary Special Education","Cell Phones","West",46000,"Married"
346,"Sep",39000,3,60,"Male","Secondary Special Education","Windows & Doors","East",15000,"Unmarried"
347,"Sep",44500,24,56,"Male","Higher Education","Medical Services","East",26000,"Married"
348,"Sep",15000,12,31,"Male","Secondary Special Education","Household Appliances","West",31000,"Unmarried"
349,"Sep",14000,12,49,"Male","Secondary Education","Fitness","West",11000,"Unmarried"
350,"Sep",6000,6,33,"Male","Secondary Special Education","Household Appliances","West",19000,"Unmarried"
351,"Sep",15500,6,28,"Female","Secondary Special Education","Household Appliances","East",51000,"Married"
352,"Sep",16500,6,44,"Female","Secondary Special Education","Windows & Doors","West",48000,"Unmarried"
353,"Sep",28500,18,26,"Female","Secondary Special Education","Cell Phones","West",29000,"Unmarried"
354,"Sep",11500,6,51,"Male","Higher Education","Computers","West",36000,"Unmarried"
355,"Sep",10500,3,23,"Female","Secondary Special Education","Cell Phones","West",31000,"Married"
356,"Sep",41000,10,33,"Female","Higher Education","Furniture","Midwest",46000,"Unmarried"
357,"Sep",21000,18,26,"Female","Secondary Special Education","Cell Phones","West",26000,"Married"
358,"Sep",22000,12,41,"Female","Secondary Education","Household Appliances","West",21000,"Unmarried"
359,"Sep",5500,5,47,"Male","Secondary Special Education","Clothing","West",16000,"DSW"
360,"Sep",7500,6,23,"Male","Incomplete Higher Education","Computers","West",18000,"Unmarried"
361,"Sep",8000,12,29,"Female","Secondary Education","Household Appliances","West",18000,"Unmarried"
362,"Sep",20500,10,31,"Female","Secondary Special Education","Cell Phones","West",17000,"Unmarried"
363,"Sep",7000,12,37,"Male","Secondary Special Education","Cell Phones","East",31000,"Unmarried"
364,"Sep",111500,10,50,"Male","Secondary Education","Furniture","East",81000,"Married"
365,"Sep",8000,10,22,"Female","Secondary Special Education","Cell Phones","West",16000,"DSW"
366,"Sep",27500,12,23,"Male","Secondary Special Education","Household Appliances","Midwest",28000,"Married"
367,"Sep",41500,15,26,"Male","Secondary Education","Windows & Doors","West",16000,"Unmarried"
368,"Sep",28500,12,30,"Female","Secondary Special Education","Household Appliances","West",24000,"Unmarried"
369,"Sep",27500,3,30,"Female","Higher Education","Construction Materials","West",81000,"Unmarried"
370,"Sep",16000,3,23,"Male","Higher Education","Furniture","West",22000,"Unmarried"
371,"Sep",66000,12,26,"Male","Higher Education","Windows & Doors","West",31000,"Unmarried"
372,"Sep",7000,3,27,"Male","Phd Degree","Clothing","West",31000,"Unmarried"
373,"Sep",6000,3,32,"Male","Secondary Special Education","Household Appliances","West",19000,"Married"
374,"Sep",116000,24,39,"Male","Secondary Special Education","Cosmetics And Beauty Services","East",71000,"Unmarried"
375,"Sep",27000,15,33,"Male","Higher Education","Tourism","West",31000,"DSW"
376,"Sep",18000,6,49,"Female","Higher Education","Cell Phones","East",56000,"Married"
377,"Sep",12000,6,25,"Female","Secondary Special Education","Household Appliances","West",41000,"Unmarried"
378,"Sep",8500,3,36,"Female","Higher Education","Fitness","West",81000,"Unmarried"
379,"Sep",33000,12,29,"Female","Higher Education","Computers","East",36000,"Unmarried"
380,"Sep",6000,3,29,"Female","Higher Education","Household Appliances","West",401000,"Unmarried"
381,"Sep",6500,6,24,"Male","Secondary Education","Cell Phones","West",21000,"Unmarried"
382,"Sep",18000,12,43,"Male","Higher Education","Furniture","West",8000,"Unmarried"
383,"Sep",34500,12,31,"Female","Higher Education","Computers","West",11000,"Unmarried"
384,"Sep",26500,4,31,"Female","Higher Education","Cell Phones","East",97000,"Unmarried"
385,"Sep",9000,10,35,"Female","Incomplete Higher Education","Household Appliances","West",51000,"Unmarried"
386,"Sep",12000,3,39,"Male","Secondary Education","Household Appliances","West",21000,"Married"
387,"Sep",21000,12,54,"Female","Higher Education","Household Appliances","West",26000,"Unmarried"
388,"Sep",7500,6,58,"Male","Secondary Special Education","Clothing","West",19000,"Unmarried"
389,"Sep",51000,6,26,"Female","Secondary Special Education","Windows & Doors","West",46000,"Unmarried"
390,"Sep",11000,4,39,"Male","Higher Education","Household Appliances","West",19000,"Married"
391,"Sep",10000,6,28,"Male","Secondary Special Education","Household Appliances","East",28000,"Unmarried"
392,"Sep",13000,3,30,"Male","Secondary Special Education","Computers","West",13000,"Married"
393,"Sep",12500,5,22,"Female","Secondary Special Education","Household Appliances","West",31000,"Unmarried"
394,"Sep",22500,15,23,"Male","Secondary Special Education","Household Appliances","West",25000,"Unmarried"
395,"Sep",30500,12,20,"Male","Secondary Special Education","Household Appliances","West",33000,"Married"
396,"Sep",6000,3,27,"Female","Incomplete Higher Education","Household Appliances","West",46000,"Unmarried"
397,"Sep",24500,12,20,"Male","Secondary Special Education","Household Appliances","West",26000,"Unmarried"
398,"Sep",74000,18,45,"Male","Incomplete Higher Education","Household Appliances","West",56000,"Married"
399,"Sep",23000,10,26,"Female","Higher Education","Cell Phones","West",31000,"Unmarried"
400,"Sep",33000,12,33,"Male","Higher Education","Clothing","West",31000,"Unmarried"
401,"Sep",29500,24,39,"Female","Secondary Special Education","Household Appliances","West",66000,"Unmarried"
402,"Sep",14000,10,36,"Male","Secondary Special Education","Furniture","West",26000,"Unmarried"
403,"Sep",27500,12,25,"Male","Higher Education","Cell Phones","East",61000,"Unmarried"
404,"Sep",7500,3,63,"Male","Secondary Education","Construction Materials","West",12000,"Unmarried"
405,"Sep",27500,12,38,"Male","Secondary Special Education","Computers","West",19000,"Unmarried"
406,"Sep",9500,12,55,"Female","Secondary Special Education","Household Appliances","West",11000,"Unmarried"
407,"Sep",10500,6,28,"Male","Secondary Special Education","Computers","West",21000,"Unmarried"
408,"Sep",116000,24,36,"Male","Higher Education","Cosmetics And Beauty Services","East",49000,"Unmarried"
409,"Sep",9500,6,31,"Female","Secondary Special Education","Cell Phones","West",18000,"Unmarried"
410,"Sep",18000,12,32,"Male","Higher Education","Household Appliances","West",26000,"Married"
411,"Sep",9500,10,31,"Male","Higher Education","Cell Phones","West",22000,"DSW"
412,"Sep",8500,4,62,"Male","Secondary Education","Construction Materials","West",8000,"Unmarried"
413,"Sep",13000,6,39,"Male","Secondary Special Education","Household Appliances","West",41000,"Unmarried"
414,"Sep",30500,12,21,"Female","Incomplete Higher Education","Household Appliances","West",41000,"Unmarried"
415,"Sep",17000,12,24,"Male","Higher Education","Tourism","West",31000,"Unmarried"
416,"Sep",21500,12,62,"Male","Secondary Education","Household Appliances","West",16000,"Unmarried"
417,"Sep",36000,12,62,"Female","Secondary Education","Cell Phones","East",14000,"Unmarried"
418,"Sep",28500,18,23,"Female","Secondary Special Education","Household Appliances","West",44000,"DSW"
419,"Sep",9000,12,52,"Female","Secondary Special Education","Cell Phones","West",51000,"Unmarried"
420,"Sep",96500,36,21,"Male","Incomplete Higher Education","Cosmetics And Beauty Services","East",56000,"Married"
421,"Sep",13500,10,26,"Female","Higher Education","Cell Phones","West",31000,"Unmarried"
422,"Sep",37000,12,50,"Female","Secondary Special Education","Furniture","West",21000,"Unmarried"
423,"Sep",22000,11,40,"Male","Higher Education","Computers","West",21000,"Unmarried"
424,"Oct",27500,12,24,"Female","Secondary Special Education","Cell Phones","West",33000,"Married"
425,"Oct",186500,36,65,"Male","Secondary Special Education","Furniture","West",21000,"Unmarried"
426,"Oct",15000,12,25,"Female","Higher Education","Computers","West",31000,"Unmarried"
427,"Oct",44000,36,61,"Male","Higher Education","Clothing","West",36000,"Unmarried"
428,"Oct",18000,12,24,"Male","Secondary Education","Cell Phones","West",18000,"Unmarried"
429,"Oct",24500,6,30,"Female","Higher Education","Computers","Midwest",41000,"Unmarried"
430,"Oct",32000,8,34,"Female","Higher Education","Household Appliances","East",51000,"Unmarried"
431,"Oct",21500,3,29,"Female","Secondary Special Education","Household Appliances","West",36000,"Unmarried"
432,"Oct",38000,6,31,"Male","Higher Education","Clothing","West",26000,"Married"
433,"Oct",60500,10,29,"Female","Incomplete Higher Education","Clothing","East",51000,"Unmarried"
434,"Oct",11000,6,21,"Male","Secondary Special Education","Clothing","West",24000,"Unmarried"
435,"Oct",28500,24,31,"Female","Secondary Special Education","Household Appliances","West",31000,"Unmarried"
436,"Oct",28000,24,53,"Female","Secondary Special Education","Household Appliances","West",36000,"Married"
437,"Oct",21000,12,21,"Female","Secondary Special Education","Cell Phones","West",16000,"Unmarried"
438,"Oct",27500,3,39,"Male","Higher Education","Clothing","West",61000,"Unmarried"
439,"Oct",5500,6,26,"Female","Secondary Education","Cell Phones","West",21000,"Unmarried"
440,"Oct",34000,12,54,"Male","Secondary Special Education","Household Appliances","West",11000,"Unmarried"
441,"Oct",16000,3,53,"Male","Secondary Special Education","Clothing","West",16000,"Unmarried"
442,"Oct",16000,8,34,"Female","Secondary Special Education","Medical Services","West",31000,"Married"
443,"Oct",25000,14,23,"Male","Higher Education","Cell Phones","East",36000,"Unmarried"
444,"Oct",9000,10,34,"Female","Secondary Special Education","Cell Phones","West",26000,"Unmarried"
445,"Oct",22500,12,19,"Male","Secondary Education","Cell Phones","West",21000,"Unmarried"
446,"Oct",16500,12,31,"Female","Secondary Education","Cell Phones","West",31000,"Unmarried"
447,"Oct",55500,10,49,"Male","Higher Education","Household Appliances","West",41000,"Unmarried"
448,"Oct",124000,15,56,"Male","Higher Education","Furniture","West",51000,"Unmarried"
449,"Oct",17000,6,25,"Female","Secondary Special Education","Cell Phones","West",28000,"Married"
450,"Oct",38000,24,77,"Male","Higher Education","Medical Services","Midwest",31000,"Married"
451,"Oct",40500,12,22,"Male","Secondary Education","Cell Phones","West",23000,"Married"
452,"Oct",13000,6,21,"Female","Secondary Special Education","Cell Phones","West",26000,"Married"
453,"Oct",14500,6,49,"Male","Secondary Education","Household Appliances","West",21000,"Unmarried"
454,"Oct",61500,12,33,"Male","Secondary Special Education","Clothing","West",31000,"Unmarried"
455,"Oct",26500,10,26,"Female","Secondary Education","Cell Phones","East",31000,"Unmarried"
456,"Oct",21500,12,39,"Female","Higher Education","Computers","West",66000,"Unmarried"
457,"Oct",27000,10,27,"Male","Incomplete Higher Education","Furniture","East",61000,"Unmarried"
458,"Oct",22000,6,33,"Female","Higher Education","Computers","East",101000,"Unmarried"
459,"Oct",10500,12,39,"Female","Secondary Special Education","Cell Phones","West",37000,"Married"
460,"Oct",6500,6,31,"Female","Secondary Special Education","Cell Phones","West",31000,"Unmarried"
461,"Oct",8000,6,31,"Female","Secondary Special Education","Computers","West",26000,"Unmarried"
462,"Oct",21500,6,41,"Female","Secondary Education","Furniture","West",56000,"Married"
463,"Oct",25000,10,55,"Female","Higher Education","Cell Phones","West",51000,"Married"
464,"Oct",13000,10,30,"Male","Secondary Special Education","Cell Phones","West",36000,"Unmarried"
465,"Oct",17000,12,65,"Male","Higher Education","Furniture","West",11000,"Unmarried"
466,"Oct",18000,18,34,"Female","Secondary Special Education","Household Appliances","West",21000,"Unmarried"
467,"Oct",21500,4,39,"Female","Higher Education","Computers","West",151000,"Unmarried"
468,"Oct",66000,10,32,"Male","Higher Education","Clothing","West",61000,"Married"
469,"Oct",7500,6,29,"Female","Higher Education","Computers","West",33000,"Married"
470,"Oct",53000,12,55,"Female","Secondary Education","Construction Materials","West",21000,"Unmarried"
471,"Oct",9000,3,48,"Male","Secondary Special Education","Construction Materials","West",31000,"Married"
472,"Oct",19000,4,60,"Male","Secondary Special Education","Furniture","West",9000,"Married"
473,"Oct",21000,6,25,"Male","Higher Education","Computers","West",46000,"Unmarried"
474,"Oct",20500,6,33,"Female","Secondary Special Education","Cell Phones","West",46000,"Married"
475,"Oct",91000,24,39,"Male","Secondary Special Education","Cosmetics And Beauty Services","West",51000,"Married"
476,"Oct",19500,24,29,"Female","Secondary Special Education","Household Appliances","West",41000,"Married"
477,"Oct",10500,12,58,"Male","Secondary Special Education","Windows & Doors","West",7000,"DSW"
478,"Oct",9500,12,24,"Female","Secondary Education","Cell Phones","West",36000,"Unmarried"
479,"Oct",21500,10,23,"Male","Secondary Special Education","Household Appliances","West",21000,"Married"
480,"Oct",13000,12,44,"Female","Secondary Special Education","Household Appliances","West",28000,"Unmarried"
481,"Oct",13000,6,27,"Female","Secondary Special Education","Household Appliances","West",26000,"Married"
482,"Oct",5500,6,22,"Male","Secondary Special Education","Cell Phones","West",16000,"Unmarried"
483,"Oct",38000,24,49,"Male","Secondary Special Education","Medical Services","West",21000,"Unmarried"
484,"Oct",47000,18,62,"Male","Higher Education","Training","Midwest",36000,"Unmarried"
485,"Oct",5500,12,37,"Female","Higher Education","Cell Phones","West",36000,"Unmarried"
486,"Oct",16500,4,30,"Female","Secondary Education","Cell Phones","East",26000,"Unmarried"
487,"Oct",13000,6,48,"Male","Higher Education","Cell Phones","West",19000,"Married"
488,"Oct",51000,18,20,"Female","Incomplete Higher Education","Household Appliances","East",36000,"Married"
489,"Oct",13500,6,40,"Female","Secondary Special Education","Cell Phones","West",29000,"Married"
490,"Oct",35000,10,24,"Male","Secondary Special Education","Cell Phones","West",31000,"Unmarried"
491,"Oct",9000,6,35,"Male","Secondary Special Education","Clothing","West",16000,"Unmarried"
492,"Oct",29000,12,33,"Male","Secondary Special Education","Household Appliances","West",21000,"Unmarried"
493,"Oct",23000,12,33,"Male","Secondary Education","Computers","West",22000,"Unmarried"
494,"Oct",6500,3,24,"Female","Secondary Special Education","Household Appliances","West",26000,"Unmarried"
495,"Oct",47000,11,34,"Male","Secondary Education","Fitness","East",36000,"Unmarried"
496,"Oct",12000,12,36,"Male","Secondary Special Education","Cell Phones","Midwest",31000,"Unmarried"
497,"Oct",78500,34,27,"Male","Higher Education","Cosmetics And Beauty Services","Midwest",39000,"DSW"
498,"Oct",13500,6,30,"Female","Secondary Special Education","Computers","West",21000,"Unmarried"
499,"Oct",10000,12,27,"Female","Higher Education","Household Appliances","West",31000,"Married"
500,"Oct",34000,6,43,"Male","Higher Education","Clothing","West",41000,"Unmarried"
501,"Oct",13500,10,23,"Female","Secondary Education","Cell Phones","Midwest",46000,"Unmarried"
502,"Oct",46000,24,53,"Male","Secondary Special Education","Construction Materials","West",21000,"Married"
503,"Oct",86000,12,56,"Male","Higher Education","Clothing","West",41000,"Unmarried"
504,"Oct",17500,4,24,"Male","Incomplete Higher Education","Furniture","West",17000,"Unmarried"
505,"Oct",14000,6,41,"Female","Secondary Special Education","Cell Phones","Midwest",26000,"Unmarried"
506,"Oct",6000,4,23,"Female","Secondary Special Education","Household Appliances","West",51000,"Unmarried"
507,"Oct",9000,6,24,"Female","Higher Education","Computers","East",61000,"Unmarried"
508,"Oct",30000,10,52,"Male","Secondary Education","Computers","West",26000,"Unmarried"
509,"Oct",18000,15,31,"Male","Secondary Special Education","Household Appliances","West",17000,"Unmarried"
510,"Oct",12000,10,22,"Female","Secondary Special Education","Auto","West",19000,"Unmarried"
511,"Oct",16000,10,27,"Male","Secondary Special Education","Furniture","West",30000,"Unmarried"
512,"Oct",10500,6,44,"Male","Secondary Special Education","Household Appliances","East",26000,"DSW"
513,"Oct",26000,10,21,"Male","Secondary Special Education","Cell Phones","West",26000,"Unmarried"
514,"Oct",25000,12,27,"Male","Secondary Special Education","Computers","West",32000,"Married"
515,"Oct",52500,6,64,"Male","Higher Education","Furniture","West",51000,"Unmarried"
516,"Oct",7000,4,51,"Male","Higher Education","Clothing","West",14000,"Unmarried"
517,"Oct",11000,6,73,"Male","Higher Education","Clothing","West",19000,"Unmarried"
518,"Oct",14000,10,49,"Female","Secondary Special Education","Cell Phones","East",31000,"DSW"
519,"Oct",11500,12,23,"Male","Higher Education","Computers","West",19000,"Unmarried"
520,"Oct",28500,12,61,"Male","Secondary Special Education","Clothing","West",16000,"Unmarried"
521,"Oct",14000,4,27,"Male","Higher Education","Fitness","Midwest",31000,"Unmarried"
522,"Oct",20000,12,20,"Female","Secondary Education","Auto","West",29000,"Unmarried"
523,"Oct",12500,12,51,"Female","Secondary Special Education","Windows & Doors","West",16000,"Unmarried"
524,"Oct",80500,15,25,"Male","Higher Education","Tourism","West",31000,"Unmarried"
525,"Oct",14000,10,39,"Female","Higher Education","Cell Phones","West",26000,"Unmarried"
526,"Oct",101000,36,55,"Male","Secondary Special Education","Boats","West",36000,"Unmarried"
527,"Oct",6500,6,20,"Female","Secondary Special Education","Cell Phones","West",16000,"Unmarried"
528,"Oct",10000,6,34,"Female","Higher Education","Auto","West",21000,"Unmarried"
529,"Oct",13500,12,28,"Male","Higher Education","Furniture","West",32000,"Married"
530,"Oct",38000,12,30,"Female","Secondary Special Education","Furniture","West",16000,"Unmarried"
531,"Oct",301000,36,32,"Male","Higher Education","Construction Materials","West",121000,"Unmarried"
532,"Oct",39000,18,32,"Male","Higher Education","Household Appliances","West",36000,"Unmarried"
533,"Oct",16000,4,25,"Female","Secondary Special Education","Furniture","West",16000,"Unmarried"
534,"Oct",28500,6,28,"Female","Secondary Special Education","Jewelry","East",41000,"Unmarried"
535,"Oct",21500,12,27,"Female","Higher Education","Cell Phones","West",39000,"Unmarried"
536,"Oct",15500,12,24,"Male","Higher Education","Cell Phones","West",16000,"Unmarried"
537,"Oct",8000,3,31,"Male","Secondary Special Education","Jewelry","West",21000,"Unmarried"
538,"Oct",26000,6,28,"Female","Higher Education","Household Appliances","West",46000,"Unmarried"
539,"Oct",15000,4,25,"Male","Secondary Special Education","Auto","West",26000,"Unmarried"
540,"Oct",15000,10,48,"Male","Secondary Special Education","Household Appliances","East",36000,"Unmarried"
541,"Oct",34500,24,32,"Female","Higher Education","Cosmetics And Beauty Services","West",51000,"Unmarried"
542,"Oct",8500,6,36,"Male","Secondary Special Education","Cell Phones","West",26000,"Unmarried"
543,"Oct",47000,3,54,"Male","Higher Education","Clothing","West",56000,"Married"
544,"Oct",30000,6,34,"Female","Secondary Special Education","Cell Phones","West",101000,"Married"
545,"Oct",8500,10,31,"Female","Secondary Special Education","Cell Phones","West",26000,"Married"
546,"Oct",19500,12,27,"Female","Secondary Special Education","Jewelry","West",46000,"DSW"
547,"Oct",45000,24,21,"Female","Secondary Special Education","Computers","West",22000,"Unmarried"
548,"Oct",23500,18,38,"Female","Secondary Special Education","Household Appliances","West",41000,"Unmarried"
549,"Oct",37000,10,41,"Female","Higher Education","Cell Phones","West",61000,"Unmarried"
550,"Oct",63000,24,28,"Male","Secondary Special Education","Clothing","West",26000,"Married"
551,"Oct",27000,12,35,"Male","Higher Education","Computers","West",41000,"Unmarried"
552,"Oct",16000,6,38,"Male","Higher Education","Cell Phones","West",17000,"Unmarried"
553,"Oct",38500,12,41,"Male","Secondary Special Education","Household Appliances","West",31000,"Married"
554,"Oct",11500,10,30,"Female","Incomplete Higher Education","Cell Phones","Midwest",26000,"DSW"
555,"Oct",42500,24,35,"Male","Higher Education","Cosmetics And Beauty Services","West",36000,"Unmarried"
556,"Oct",27500,10,26,"Male","Secondary Special Education","Cell Phones","West",21000,"DSW"
557,"Oct",12500,10,43,"Female","Secondary Special Education","Cell Phones","West",21000,"Married"
558,"Oct",29000,18,27,"Female","Secondary Special Education","Household Appliances","West",26000,"Unmarried"
559,"Oct",28000,12,30,"Male","Higher Education","Household Appliances","East",31000,"Unmarried"
560,"Oct",30500,10,26,"Female","Higher Education","Cell Phones","West",31000,"Married"
561,"Oct",14000,12,22,"Female","Secondary Special Education","Computers","West",26000,"Unmarried"
562,"Oct",7000,6,37,"Male","Secondary Special Education","Sporting Goods","West",11000,"Unmarried"
563,"Oct",40000,3,46,"Female","Higher Education","Windows & Doors","East",51000,"Unmarried"
564,"Oct",10000,4,30,"Male","Secondary Special Education","Cell Phones","West",26000,"Married"
565,"Oct",58500,36,57,"Female","Secondary Special Education","Furniture","West",32000,"Married"
566,"Oct",48500,10,25,"Female","Higher Education","Clothing","East",39000,"Unmarried"
567,"Oct",14000,3,61,"Male","Higher Education","Furniture","West",26000,"Married"
568,"Oct",11000,6,21,"Male","Higher Education","Computers","West",31000,"Unmarried"
569,"Oct",36000,12,29,"Female","Higher Education","Clothing","West",51000,"DSW"
570,"Oct",12500,6,24,"Female","Secondary Special Education","Household Appliances","West",23000,"Unmarried"
571,"Oct",35000,7,58,"Male","Higher Education","Clothing","West",31000,"Married"
572,"Oct",26500,18,21,"Male","Secondary Special Education","Cell Phones","West",35000,"Married"
573,"Oct",14000,4,47,"Female","Secondary Special Education","Furniture","Midwest",36000,"Married"
574,"Oct",14000,4,40,"Female","Incomplete Secondary Education","Audio & Video","West",16000,"Married"
575,"Oct",26500,6,58,"Male","Secondary Special Education","Clothing","West",19000,"Unmarried"
576,"Oct",42500,12,79,"Male","Higher Education","Clothing","West",19000,"Married"
577,"Oct",26000,12,35,"Female","Secondary Special Education","Cell Phones","West",41000,"Unmarried"
578,"Oct",35000,11,25,"Male","Higher Education","Fitness","East",61000,"Unmarried"
579,"Oct",32500,12,38,"Female","Secondary Special Education","Cell Phones","West",28000,"Unmarried"
580,"Oct",23000,10,48,"Female","Secondary Special Education","Computers","West",28000,"Unmarried"
581,"Oct",33000,8,26,"Male","Higher Education","Clothing","East",61000,"Married"
582,"Oct",69500,6,51,"Male","Higher Education","Clothing","East",26000,"Unmarried"
583,"Oct",8500,6,30,"Female","Secondary Special Education","Cell Phones","West",31000,"Unmarried"
584,"Nov",99500,18,27,"Female","Higher Education","Household Appliances","West",51000,"Unmarried"
585,"Nov",35000,10,31,"Male","Higher Education","Cell Phones","East",121000,"Unmarried"
586,"Nov",19500,10,41,"Female","Secondary Special Education","Cell Phones","West",36000,"Married"
587,"Nov",18500,6,42,"Female","Secondary Special Education","Computers","West",46000,"Married"
588,"Nov",14000,12,33,"Female","Secondary Special Education","Computers","West",21000,"Married"
589,"Nov",7000,6,34,"Female","Higher Education","Auto","West",39000,"Unmarried"
590,"Nov",8500,12,22,"Female","Secondary Special Education","Cell Phones","West",27000,"Married"
591,"Nov",25000,24,37,"Female","Higher Education","Furniture","West",41000,"Unmarried"
592,"Nov",83000,36,58,"Male","Higher Education","Cosmetics And Beauty Services","West",24000,"Unmarried"
593,"Nov",10500,6,33,"Female","Secondary Education","Computers","West",21000,"Unmarried"
594,"Nov",53000,6,55,"Female","Higher Education","Household Appliances","Midwest",81000,"Married"
595,"Nov",6500,6,36,"Female","Secondary Special Education","Cell Phones","West",21000,"Unmarried"
596,"Nov",37500,12,25,"Male","Secondary Special Education","Computers","West",21000,"Unmarried"
597,"Nov",23000,12,66,"Male","Secondary Education","Household Appliances","West",14000,"Unmarried"
598,"Nov",91000,24,32,"Female","Secondary Special Education","Clothing","West",36000,"Unmarried"
599,"Nov",16000,12,36,"Female","Secondary Special Education","Cell Phones","West",31000,"Unmarried"
600,"Nov",12500,4,22,"Female","Higher Education","Cell Phones","West",24000,"Married"
601,"Nov",15000,3,61,"Female","Secondary Education","Clothing","East",26000,"Unmarried"
602,"Nov",36000,8,22,"Male","Secondary Special Education","Cell Phones","East",51000,"Married"
603,"Nov",19000,12,53,"Male","Higher Education","Household Appliances","East",56000,"Unmarried"
604,"Nov",25000,12,26,"Male","Higher Education","Household Appliances","West",23000,"Unmarried"
605,"Nov",16000,8,24,"Female","Higher Education","Household Appliances","West",46000,"Unmarried"
606,"Nov",28000,10,22,"Female","Secondary Education","Cell Phones","West",21000,"Unmarried"
607,"Nov",28500,12,28,"Female","Secondary Education","Household Appliances","West",36000,"Unmarried"
608,"Nov",24000,10,21,"Female","Secondary Special Education","Fitness","West",31000,"Unmarried"
609,"Nov",144500,15,31,"Male","Higher Education","Furniture","East",51000,"Unmarried"
610,"Nov",44500,12,20,"Male","Higher Education","Household Appliances","East",41000,"Unmarried"
611,"Nov",45000,9,25,"Male","Higher Education","Household Appliances","West",31000,"Unmarried"
612,"Nov",20000,6,34,"Male","Incomplete Higher Education","Cell Phones","East",46000,"Unmarried"
613,"Nov",67000,36,36,"Male","Higher Education","Cosmetics And Beauty Services","West",21000,"Unmarried"
614,"Nov",8000,3,38,"Male","Higher Education","Furniture","West",30000,"Married"
615,"Nov",63500,10,37,"Male","Secondary Special Education","Furniture","West",36000,"Married"
616,"Nov",63500,24,26,"Male","Higher Education","Household Appliances","West",56000,"Unmarried"
617,"Nov",16000,6,59,"Female","Secondary Education","Cell Phones","West",21000,"Unmarried"
618,"Nov",14000,12,20,"Male","Incomplete Higher Education","Computers","West",21000,"Married"
619,"Nov",15500,12,41,"Female","Higher Education","Cell Phones","East",46000,"Unmarried"
620,"Nov",17000,8,59,"Female","Higher Education","Household Appliances","West",26000,"Married"
621,"Nov",12000,3,27,"Female","Higher Education","Cell Phones","West",34000,"Unmarried"
622,"Nov",5500,6,43,"Female","Secondary Special Education","Cell Phones","West",23000,"Unmarried"
623,"Nov",32500,12,32,"Female","Secondary Special Education","Cell Phones","East",36000,"Married"
624,"Nov",66500,10,28,"Female","Higher Education","Household Appliances","East",43000,"Unmarried"
625,"Nov",36500,10,46,"Male","Higher Education","Household Appliances","West",61000,"Married"
626,"Nov",24000,12,64,"Female","Secondary Special Education","Household Appliances","West",16000,"Married"
627,"Nov",15000,8,23,"Male","Secondary Special Education","Cell Phones","West",31000,"Unmarried"
628,"Nov",12000,12,35,"Male","Higher Education","Furniture","West",41000,"Married"
629,"Nov",26500,12,21,"Female","Secondary Special Education","Cell Phones","West",26000,"Unmarried"
630,"Nov",19500,18,44,"Female","Secondary Special Education","Household Appliances","West",11000,"Unmarried"
631,"Nov",11500,12,32,"Male","Higher Education","Fitness","West",31000,"Unmarried"
632,"Nov",11500,12,24,"Female","Incomplete Higher Education","Computers","West",18000,"DSW"
633,"Nov",27000,12,24,"Female","Secondary Education","Furniture","West",21000,"Unmarried"
634,"Nov",46500,12,27,"Male","Higher Education","Cosmetics And Beauty Services","East",41000,"Married"
635,"Nov",6000,12,20,"Female","Secondary Education","Cell Phones","West",19000,"Unmarried"
636,"Nov",44500,24,21,"Female","Secondary Education","Household Appliances","West",31000,"Unmarried"
637,"Nov",87000,24,45,"Male","Higher Education","Cosmetics And Beauty Services","Midwest",36000,"Unmarried"
638,"Nov",58000,12,31,"Male","Higher Education","Furniture","West",31000,"Married"
639,"Nov",157000,36,24,"Female","Higher Education","Boats","West",39000,"Unmarried"
640,"Nov",10500,12,33,"Female","Secondary Special Education","Auto","West",21000,"Unmarried"
641,"Nov",15000,6,54,"Male","Higher Education","Fitness","West",26000,"Unmarried"
642,"Nov",19000,12,30,"Female","Secondary Special Education","Computers","West",41000,"Unmarried"
643,"Nov",12000,4,58,"Female","Secondary Education","Windows & Doors","West",12000,"Unmarried"
644,"Nov",26000,12,30,"Female","Secondary Education","Household Appliances","East",41000,"Unmarried"
645,"Nov",10500,4,53,"Male","Secondary Special Education","Clothing","West",11000,"Unmarried"
646,"Nov",23500,10,21,"Male","Secondary Special Education","Household Appliances","West",36000,"Married"
647,"Nov",18500,12,33,"Male","Secondary Special Education","Household Appliances","West",16000,"Unmarried"
648,"Nov",46000,10,24,"Male","Higher Education","Household Appliances","East",46000,"Unmarried"
649,"Nov",21000,18,21,"Male","Secondary Special Education","Household Appliances","West",19000,"Unmarried"
650,"Nov",25500,12,36,"Male","Higher Education","Furniture","West",31000,"Unmarried"
651,"Nov",34000,12,39,"Female","Higher Education","Household Appliances","East",36000,"Married"
652,"Nov",59000,7,50,"Male","Higher Education","Clothing","West",36000,"Unmarried"
653,"Nov",12500,10,29,"Female","Secondary Education","Cell Phones","Midwest",35000,"Unmarried"
654,"Nov",28500,18,42,"Female","Incomplete Higher Education","Cell Phones","West",61000,"Married"
655,"Nov",18500,10,26,"Female","Incomplete Higher Education","Cell Phones","West",36000,"Unmarried"
656,"Nov",8000,3,22,"Female","Higher Education","Auto","West",41000,"Unmarried"
657,"Nov",19000,10,43,"Male","Secondary Special Education","Furniture","West",29000,"Married"
658,"Nov",23500,10,39,"Female","Secondary Special Education","Household Appliances","East",39000,"Unmarried"
659,"Nov",14000,12,29,"Female","Secondary Education","Computers","Midwest",46000,"Unmarried"
660,"Nov",41500,10,23,"Male","Secondary Special Education","Household Appliances","West",19000,"Unmarried"
661,"Nov",30500,12,22,"Female","Incomplete Higher Education","Cell Phones","East",46000,"Married"
662,"Nov",67000,24,39,"Female","Higher Education","Cosmetics And Beauty Services","East",101000,"Unmarried"
663,"Nov",19000,10,45,"Male","Higher Education","Household Appliances","West",21000,"Married"
664,"Nov",69000,24,36,"Male","Secondary Special Education","Household Appliances","West",17000,"Unmarried"
665,"Nov",103000,15,68,"Male","Secondary Special Education","Furniture","West",33000,"Married"
666,"Nov",7000,10,38,"Female","Secondary Special Education","Cell Phones","West",36000,"Unmarried"
667,"Nov",8500,12,20,"Male","Secondary Special Education","Cell Phones","West",13000,"Married"
668,"Nov",10500,12,21,"Male","Incomplete Higher Education","Computers","West",21000,"DSW"
669,"Nov",9500,12,23,"Male","Secondary Education","Cell Phones","West",20000,"Married"
670,"Nov",30000,10,42,"Female","Higher Education","Household Appliances","West",51000,"Unmarried"
671,"Nov",14000,10,38,"Male","Higher Education","Jewelry","West",31000,"Unmarried"
672,"Nov",39000,24,22,"Female","Incomplete Higher Education","Computers","West",41000,"Unmarried"
673,"Nov",31000,6,62,"Male","Secondary Special Education","Household Appliances","West",46000,"Married"
674,"Nov",23500,18,31,"Female","Secondary Education","Household Appliances","West",28000,"Unmarried"
675,"Nov",37500,5,37,"Male","Higher Education","Training","East",71000,"Unmarried"
676,"Nov",19000,12,32,"Female","Secondary Special Education","Household Appliances","West",26000,"Married"
677,"Nov",57500,18,76,"Female","Secondary Education","Household Appliances","West",1000,"Unmarried"
678,"Nov",33500,12,53,"Female","Secondary Education","Furniture","West",19000,"Unmarried"
679,"Nov",39000,12,30,"Female","Secondary Special Education","Cell Phones","East",41000,"Married"
680,"Nov",5000,4,32,"Male","Secondary Education","Cell Phones","West",19000,"Unmarried"
681,"Nov",18000,10,49,"Male","Higher Education","Furniture","West",21000,"Married"
682,"Nov",14500,10,39,"Female","Secondary Special Education","Household Appliances","West",36000,"Married"
683,"Nov",28500,10,25,"Female","Secondary Special Education","Household Appliances","West",26000,"Unmarried"
684,"Nov",47000,24,27,"Female","Secondary Special Education","Boats","West",21000,"Married"
685,"Nov",14000,12,31,"Male","Secondary Special Education","Clothing","West",16000,"Unmarried"
686,"Nov",10000,6,24,"Female","Secondary Special Education","Clothing","West",26000,"Married"
687,"Nov",30500,6,29,"Male","Higher Education","Fitness","East",61000,"Unmarried"
688,"Nov",5500,4,59,"Male","Higher Education","Fitness","West",27000,"Unmarried"
689,"Nov",5000,4,22,"Female","Higher Education","Jewelry","West",26000,"Married"
690,"Nov",99000,24,44,"Male","Higher Education","Furniture","West",71000,"Married"
691,"Nov",8000,4,24,"Male","Secondary Special Education","Cell Phones","West",26000,"Unmarried"
692,"Nov",17000,6,48,"Female","Secondary Special Education","Household Appliances","West",19000,"Unmarried"
693,"Nov",35000,18,52,"Male","Higher Education","Cell Phones","West",24000,"Married"
694,"Nov",36500,12,35,"Male","Secondary Education","Cell Phones","West",19000,"Unmarried"
695,"Nov",31500,12,31,"Male","Secondary Education","Computers","West",26000,"Unmarried"
696,"Nov",7500,3,26,"Male","Higher Education","Construction Materials","West",13000,"Married"
697,"Nov",7000,6,26,"Female","Secondary Special Education","Cell Phones","West",27000,"Unmarried"
698,"Nov",31500,18,23,"Male","Secondary Education","Audio & Video","East",19000,"Unmarried"
699,"Nov",31000,12,21,"Male","Higher Education","Household Appliances","East",36000,"Unmarried"
700,"Nov",11000,12,21,"Female","Secondary Special Education","Jewelry","West",31000,"Unmarried"
701,"Nov",31000,24,24,"Female","Higher Education","Household Appliances","West",21000,"Unmarried"
702,"Nov",27000,6,61,"Female","Secondary Special Education","Clothing","West",21000,"Unmarried"
703,"Nov",57500,15,49,"Male","Higher Education","Tourism","West",46000,"Unmarried"
704,"Nov",46000,10,40,"Female","Higher Education","Clothing","West",71000,"Unmarried"
705,"Nov",52000,18,33,"Male","Higher Education","Household Appliances","East",51000,"Unmarried"
706,"Nov",19500,12,33,"Male","Secondary Special Education","Household Appliances","West",26000,"Unmarried"
707,"Nov",22000,10,21,"Female","Secondary Special Education","Computers","West",26000,"Married"
708,"Nov",12000,4,51,"Male","Secondary Special Education","Household Appliances","East",31000,"Unmarried"
709,"Nov",52500,10,38,"Male","Higher Education","Jewelry","West",41000,"Unmarried"
710,"Nov",53500,12,30,"Female","Secondary Special Education","Household Appliances","West",36000,"DSW"
711,"Nov",14500,12,35,"Female","Secondary Special Education","Cell Phones","West",19000,"DSW"
712,"Nov",45500,24,32,"Male","Incomplete Higher Education","Computers","West",41000,"Unmarried"
713,"Nov",10500,12,23,"Male","Secondary Special Education","Household Appliances","West",18000,"Unmarried"
714,"Nov",41000,12,40,"Male","Secondary Education","Medical Services","West",30000,"Married"
715,"Nov",22000,10,30,"Female","Higher Education","Cell Phones","West",71000,"Unmarried"
716,"Nov",15000,24,26,"Female","Secondary Education","Household Appliances","West",26000,"Unmarried"
717,"Nov",18000,10,33,"Male","Secondary Education","Computers","West",16000,"Unmarried"
718,"Nov",44000,6,37,"Female","Higher Education","Furniture","West",43000,"Unmarried"
719,"Nov",100000,15,32,"Male","Incomplete Higher Education","Tourism","West",41000,"Married"
720,"Nov",37000,12,50,"Male","Secondary Special Education","Furniture","West",51000,"Unmarried"
721,"Nov",176000,36,31,"Male","Secondary Education","Clothing","West",51000,"Unmarried"
722,"Nov",112000,12,29,"Female","Higher Education","Furniture","East",71000,"Unmarried"
723,"Nov",72500,8,37,"Male","Higher Education","Household Appliances","Midwest",86000,"Married"
724,"Nov",28000,10,38,"Male","Higher Education","Furniture","West",22000,"DSW"
725,"Nov",81500,15,24,"Male","Higher Education","Tourism","East",61000,"Married"
726,"Nov",48500,15,23,"Male","Incomplete Higher Education","Computers","West",34000,"Unmarried"
727,"Nov",26000,24,21,"Male","Secondary Special Education","Household Appliances","West",16000,"Unmarried"
728,"Nov",34500,7,45,"Male","Secondary Special Education","Clothing","West",26000,"Unmarried"
729,"Nov",23000,12,25,"Female","Secondary Education","Computers","West",31000,"Unmarried"
730,"Nov",8500,6,31,"Male","Secondary Education","Cell Phones","West",26000,"Unmarried"
731,"Nov",27500,16,52,"Female","Secondary Special Education","Cell Phones","West",30000,"Unmarried"
732,"Nov",19500,6,29,"Male","Secondary Special Education","Cell Phones","West",24000,"Married"
733,"Nov",19000,24,24,"Female","Secondary Special Education","Computers","West",31000,"Unmarried"
734,"Nov",19500,12,44,"Male","Secondary Special Education","Cell Phones","West",16000,"Unmarried"
735,"Nov",18500,18,43,"Female","Secondary Education","Household Appliances","Midwest",41000,"Unmarried"
736,"Nov",86500,24,49,"Male","Higher Education","Cosmetics And Beauty Services","Midwest",29000,"Married"
737,"Nov",13500,6,58,"Male","Secondary Special Education","Windows & Doors","West",16000,"Married"
738,"Nov",8500,12,29,"Female","Higher Education","Computers","West",24000,"Unmarried"
739,"Nov",9000,8,22,"Male","Secondary Special Education","Household Appliances","West",24000,"Married"
740,"Nov",40500,16,39,"Male","Secondary Special Education","Cell Phones","Midwest",33000,"Unmarried"
741,"Nov",10000,5,43,"Male","Secondary Special Education","Computers","West",21000,"Married"
742,"Nov",5500,6,24,"Female","Higher Education","Clothing","West",36000,"Unmarried"
743,"Nov",18500,10,22,"Male","Higher Education","Jewelry","Midwest",34000,"Unmarried"
744,"Nov",13500,12,23,"Female","Secondary Special Education","Computers","West",31000,"Married"
745,"Nov",15000,12,29,"Male","Higher Education","Computers","East",41000,"Unmarried"
746,"Nov",23000,6,21,"Female","Secondary Special Education","Household Appliances","West",41000,"Unmarried"
747,"Nov",9000,6,23,"Female","Higher Education","Cell Phones","West",26000,"Married"
748,"Nov",21000,6,25,"Female","Secondary Special Education","Furniture","West",101000,"Unmarried"
749,"Nov",9000,12,63,"Female","Secondary Special Education","Household Appliances","West",31000,"Unmarried"
750,"Nov",10000,12,29,"Male","Higher Education","Cell Phones","West",24000,"Married"
751,"Nov",58500,34,53,"Male","Higher Education","Cosmetics And Beauty Services","West",29000,"Unmarried"
752,"Nov",21500,9,22,"Female","Secondary Special Education","Household Appliances","West",36000,"Unmarried"
753,"Nov",145000,36,26,"Female","Higher Education","Tourism","West",46000,"Married"
754,"Nov",47000,10,21,"Female","Secondary Special Education","Household Appliances","West",46000,"Married"
755,"Nov",27500,12,31,"Female","Secondary Special Education","Cell Phones","West",41000,"Unmarried"
756,"Nov",18000,10,33,"Female","Secondary Special Education","Furniture","West",36000,"Married"
757,"Nov",27000,10,25,"Male","Higher Education","Household Appliances","West",31000,"Unmarried"
758,"Dec",75000,36,54,"Male","Secondary Education","Medical Services","West",26000,"Married"
759,"Dec",56000,24,59,"Male","Higher Education","Household Appliances","West",26000,"Unmarried"
760,"Dec",16000,12,25,"Female","Secondary Special Education","Cell Phones","West",31000,"Married"
761,"Dec",35000,30,43,"Female","Secondary Special Education","Furniture","West",52000,"Unmarried"
762,"Dec",98500,24,30,"Male","Higher Education","Cosmetics And Beauty Services","West",31000,"Unmarried"
763,"Dec",30000,7,42,"Male","Secondary Special Education","Clothing","West",23000,"Unmarried"
764,"Dec",8000,12,32,"Female","Secondary Special Education","Cell Phones","East",31000,"Unmarried"
765,"Dec",6500,6,19,"Male","Secondary Special Education","Household Appliances","West",16000,"DSW"
766,"Dec",14500,6,20,"Male","Secondary Special Education","Household Appliances","West",20000,"Married"
767,"Dec",29500,12,20,"Male","Secondary Special Education","Tourism","West",26000,"Unmarried"
768,"Dec",51000,36,34,"Male","Higher Education","Windows & Doors","West",20000,"Unmarried"
769,"Dec",46000,24,46,"Male","Higher Education","Cosmetics And Beauty Services","West",41000,"Unmarried"
770,"Dec",34000,8,62,"Male","Secondary Education","Clothing","West",26000,"Unmarried"
771,"Dec",19000,12,28,"Male","Higher Education","Cell Phones","West",21000,"Unmarried"
772,"Dec",73500,10,52,"Male","Secondary Education","Household Appliances","East",46000,"Unmarried"
773,"Dec",93000,4,40,"Male","Higher Education","Tourism","East",73000,"DSW"
774,"Dec",8500,12,30,"Female","Secondary Special Education","Cell Phones","West",31000,"Unmarried"
775,"Dec",47500,24,33,"Female","Secondary Special Education","Household Appliances","West",36000,"Unmarried"
776,"Dec",29500,10,36,"Male","Higher Education","Household Appliances","West",36000,"Unmarried"
777,"Dec",35500,6,27,"Female","Higher Education","Computers","East",51000,"Married"
778,"Dec",22500,10,24,"Male","Secondary Special Education","Cell Phones","Midwest",26000,"Unmarried"
779,"Dec",19000,12,21,"Female","Secondary Special Education","Cell Phones","West",18000,"Unmarried"
780,"Dec",10500,12,35,"Female","Secondary Special Education","Cell Phones","West",28000,"Unmarried"
781,"Dec",31000,10,29,"Female","Higher Education","Cell Phones","East",38000,"Unmarried"
782,"Dec",22000,12,37,"Male","Secondary Special Education","Household Appliances","West",22000,"Unmarried"
783,"Dec",15000,12,44,"Female","Secondary Education","Cell Phones","West",46000,"Unmarried"
784,"Dec",9500,6,30,"Male","Higher Education","Clothing","West",31000,"Unmarried"
785,"Dec",17500,10,64,"Female","Higher Education","Cell Phones","West",36000,"Married"
786,"Dec",23500,6,40,"Female","Secondary Special Education","Household Appliances","West",31000,"Unmarried"
787,"Dec",66500,18,35,"Female","Higher Education","Furniture","West",26000,"Unmarried"
788,"Dec",34500,10,30,"Female","Higher Education","Computers","Midwest",39000,"Unmarried"
789,"Dec",49000,36,43,"Female","Secondary Special Education","Boats","West",26000,"Unmarried"
790,"Dec",24000,6,43,"Male","Secondary Special Education","Furniture","West",26000,"Unmarried"
791,"Dec",30000,14,33,"Female","Secondary Special Education","Cell Phones","West",39000,"Unmarried"
792,"Dec",30000,4,68,"Male","Higher Education","Clothing","East",41000,"Unmarried"
793,"Dec",22500,12,24,"Female","Phd Degree","Household Appliances","West",36000,"Unmarried"
794,"Dec",14500,10,39,"Male","Secondary Education","Windows & Doors","West",18000,"Unmarried"
795,"Dec",49000,18,24,"Female","Secondary Special Education","Computers","West",36000,"Unmarried"
796,"Dec",10500,12,51,"Male","Higher Education","Clothing","West",28000,"Married"
797,"Dec",19000,10,24,"Female","Secondary Special Education","Household Appliances","West",31000,"Unmarried"
798,"Dec",6500,6,25,"Female","Secondary Special Education","Household Appliances","West",21000,"Unmarried"
799,"Dec",30000,12,30,"Male","Secondary Special Education","Computers","West",21000,"Unmarried"
800,"Dec",51500,10,32,"Female","Higher Education","Household Appliances","East",56000,"Married"
801,"Dec",15500,12,42,"Female","Secondary Education","Computers","West",36000,"Unmarried"
802,"Dec",11500,10,24,"Female","Secondary Special Education","Cell Phones","West",36000,"Unmarried"
803,"Dec",40500,24,28,"Female","Secondary Special Education","Household Appliances","West",45000,"Married"
804,"Dec",68500,6,48,"Male","Higher Education","Clothing","East",51000,"Unmarried"
805,"Dec",28000,12,63,"Male","Secondary Education","Computers","West",19000,"DSW"
806,"Dec",19500,6,41,"Male","Secondary Special Education","Cell Phones","West",46000,"Unmarried"
807,"Dec",14500,12,24,"Female","Secondary Special Education","Jewelry","West",26000,"Unmarried"
808,"Dec",29000,12,31,"Male","Higher Education","Furniture","West",26000,"Unmarried"
809,"Dec",32500,12,26,"Female","Secondary Special Education","Cell Phones","West",31000,"Unmarried"
810,"Dec",17000,12,24,"Female","Secondary Special Education","Cell Phones","West",21000,"Unmarried"
811,"Dec",23500,12,39,"Female","Secondary Special Education","Windows & Doors","West",26000,"Unmarried"
812,"Dec",44500,24,41,"Female","Higher Education","Computers","West",26000,"Married"
813,"Dec",21000,12,21,"Female","Secondary Special Education","Household Appliances","West",21000,"Married"
814,"Dec",20000,6,34,"Male","Secondary Special Education","Household Appliances","West",26000,"Unmarried"
815,"Dec",52000,15,50,"Female","Higher Education","Furniture","East",61000,"Married"
816,"Dec",7000,3,40,"Female","Secondary Education","Cell Phones","West",60000,"Unmarried"
817,"Dec",30500,18,28,"Female","Secondary Special Education","Household Appliances","West",31000,"Married"
818,"Dec",21000,18,23,"Male","Higher Education","Household Appliances","West",26000,"Unmarried"
819,"Dec",24500,9,38,"Female","Incomplete Higher Education","Household Appliances","West",31000,"Unmarried"
820,"Dec",23500,12,58,"Male","Secondary Education","Household Appliances","West",8000,"Unmarried"
821,"Dec",11000,4,26,"Female","Higher Education","Cell Phones","West",26000,"Married"
822,"Dec",52500,6,26,"Male","Higher Education","Computers","East",101000,"Unmarried"
823,"Dec",23000,12,38,"Female","Secondary Special Education","Computers","West",21000,"Unmarried"
824,"Dec",38000,6,27,"Male","Secondary Education","Household Appliances","West",16000,"Married"
825,"Dec",16000,10,25,"Male","Higher Education","Cell Phones","West",41000,"Married"
826,"Dec",62000,24,31,"Female","Secondary Special Education","Household Appliances","West",31000,"Married"
827,"Dec",80000,12,31,"Male","Higher Education","Household Appliances","West",66000,"Married"
828,"Dec",8000,10,64,"Male","Higher Education","Cell Phones","West",21000,"Unmarried"
829,"Dec",78500,24,38,"Male","Secondary Special Education","Computers","West",81000,"Unmarried"
830,"Dec",10000,12,30,"Female","Secondary Education","Cell Phones","West",26000,"Married"
831,"Dec",31500,18,20,"Female","Secondary Special Education","Cell Phones","West",21000,"Married"
832,"Dec",16000,12,23,"Female","Secondary Education","Computers","West",21000,"Unmarried"
833,"Dec",28000,10,73,"Male","Secondary Special Education","Household Appliances","West",28000,"Unmarried"
834,"Dec",17500,6,37,"Male","Secondary Special Education","Cell Phones","West",36000,"Unmarried"
835,"Dec",43500,12,35,"Male","Higher Education","Medical Services","West",86000,"DSW"
836,"Dec",100500,15,49,"Male","Higher Education","Clothing","West",46000,"Unmarried"
837,"Dec",23000,12,25,"Female","Secondary Special Education","Household Appliances","West",31000,"Unmarried"
838,"Dec",11000,6,44,"Female","Secondary Special Education","Auto","West",45000,"Unmarried"
839,"Dec",78500,18,81,"Male","Higher Education","Medical Services","East",26000,"Unmarried"
840,"Dec",21000,24,40,"Male","Secondary Education","Household Appliances","West",21000,"Married"
841,"Dec",30000,18,39,"Male","Higher Education","Jewelry","West",21000,"Unmarried"
842,"Dec",53000,10,47,"Male","Secondary Education","Household Appliances","West",16000,"Unmarried"
843,"Dec",23500,12,42,"Female","Secondary Special Education","Cell Phones","West",56000,"Married"
844,"Dec",25000,6,41,"Male","Higher Education","Furniture","West",31000,"Unmarried"
845,"Dec",17500,12,46,"Male","Higher Education","Computers","West",51000,"Unmarried"
846,"Dec",32000,10,24,"Female","Higher Education","Cell Phones","Midwest",31000,"Married"
847,"Dec",10500,6,60,"Male","Secondary Special Education","Household Appliances","West",23000,"Unmarried"
848,"Dec",33000,12,25,"Female","Secondary Special Education","Cell Phones","West",81000,"Unmarried"
849,"Dec",10000,3,56,"Female","Secondary Special Education","Household Appliances","West",11000,"Unmarried"
850,"Dec",37500,24,67,"Female","Higher Education","Computers","West",46000,"Unmarried"
851,"Dec",23500,10,53,"Male","Higher Education","Household Appliances","West",21000,"Unmarried"
852,"Dec",18000,14,37,"Female","Secondary Education","Cell Phones","West",19000,"Unmarried"
853,"Dec",33000,6,60,"Male","Higher Education","Household Appliances","Midwest",46000,"Unmarried"
854,"Dec",19500,10,22,"Female","Higher Education","Household Appliances","West",31000,"Unmarried"
855,"Dec",16000,6,28,"Male","Higher Education","Furniture","West",26000,"Married"
856,"Dec",21500,10,28,"Male","Secondary Special Education","Household Appliances","East",46000,"Unmarried"
857,"Dec",14000,12,29,"Female","Secondary Special Education","Cell Phones","West",31000,"Unmarried"
858,"Dec",28500,6,35,"Female","Higher Education","Cell Phones","West",61000,"Married"
859,"Dec",30000,18,30,"Male","Higher Education","Household Appliances","East",101000,"Married"
860,"Dec",30500,4,33,"Female","Secondary Special Education","Household Appliances","West",101000,"Unmarried"
861,"Dec",11500,12,29,"Female","Secondary Special Education","Cell Phones","West",26000,"Unmarried"
862,"Dec",26000,8,50,"Male","Higher Education","Household Appliances","West",29000,"Unmarried"
863,"Dec",23500,10,35,"Female","Higher Education","Furniture","West",16000,"Unmarried"
864,"Dec",7500,3,55,"Male","Secondary Education","Household Appliances","East",31000,"Unmarried"
865,"Dec",23000,15,45,"Male","Secondary Special Education","Computers","West",36000,"Married"
866,"Dec",37000,6,29,"Female","Higher Education","Household Appliances","West",33000,"Unmarried"
867,"Dec",44000,6,53,"Male","Higher Education","Furniture","West",26000,"Unmarried"
868,"Dec",54000,24,38,"Male","Secondary Special Education","Furniture","West",21000,"Unmarried"
869,"Dec",20000,12,22,"Female","Secondary Special Education","Household Appliances","West",28000,"Unmarried"
870,"Dec",191000,12,39,"Male","Secondary Special Education","Clothing","West",61000,"Unmarried"
871,"Dec",29500,6,30,"Female","Secondary Education","Cell Phones","East",71000,"Unmarried"
872,"Dec",14000,12,23,"Female","Higher Education","Cell Phones","East",51000,"Unmarried"
873,"Dec",28500,16,34,"Female","Secondary Special Education","Cell Phones","West",31000,"Unmarried"
874,"Dec",25500,6,69,"Female","Higher Education","Household Appliances","Midwest",61000,"Unmarried"
875,"Dec",63500,24,40,"Female","Secondary Special Education","Household Appliances","West",21000,"Married"
876,"Dec",292500,6,34,"Male","Higher Education","Furniture","East",241000,"Unmarried"
877,"Dec",6500,5,33,"Female","Secondary Special Education","Household Appliances","West",19000,"Unmarried"
878,"Dec",81000,36,31,"Female","Higher Education","Repair Services","West",31000,"DSW"
879,"Dec",10500,10,21,"Female","Secondary Special Education","Cell Phones","West",21000,"Unmarried"
880,"Dec",31500,12,29,"Female","Secondary Special Education","Cell Phones","West",51000,"Married"
881,"Dec",16500,12,25,"Female","Higher Education","Household Appliances","West",36000,"Unmarried"
882,"Dec",37500,12,45,"Male","Secondary Special Education","Cell Phones","West",19000,"Unmarried"
883,"Dec",7000,12,39,"Male","Secondary Special Education","Cell Phones","West",10000,"Married"
884,"Dec",56500,6,76,"Male","Higher Education","Furniture","West",15000,"Unmarried"
885,"Dec",80000,36,44,"Female","Secondary Special Education","Household Appliances","West",54000,"Unmarried"
886,"Dec",29000,5,40,"Male","Higher Education","Computers","West",46000,"Married"
887,"Dec",21000,3,76,"Male","Higher Education","Furniture","East",36000,"Married"
888,"Dec",8000,5,50,"Female","Secondary Special Education","Cell Phones","East",18000,"Unmarried"
889,"Dec",43000,24,28,"Male","Higher Education","Cosmetics And Beauty Services","West",46000,"Married"
890,"Dec",38000,10,54,"Male","Secondary Special Education","Audio & Video","West",44000,"Unmarried"
891,"Dec",44000,4,34,"Male","Incomplete Secondary Education","Tourism","West",61000,"Unmarried"
892,"Dec",33500,18,24,"Female","Higher Education","Household Appliances","West",36000,"Unmarried"
893,"Dec",18500,10,28,"Male","Secondary Special Education","Cell Phones","West",18000,"Unmarried"
894,"Dec",15500,12,45,"Male","Secondary Special Education","Cell Phones","West",20000,"Unmarried"
895,"Dec",11500,3,56,"Male","Secondary Education","Household Appliances","West",13000,"Married"
896,"Dec",21000,10,25,"Male","Higher Education","Cell Phones","West",26000,"Unmarried"
897,"Dec",93000,3,31,"Male","Higher Education","Clothing","West",151000,"Unmarried"
898,"Dec",5500,6,23,"Female","Secondary Education","Jewelry","West",26000,"Unmarried"
899,"Dec",14500,10,25,"Female","Secondary Special Education","Cell Phones","West",36000,"Married"
900,"Dec",7500,3,42,"Male","Higher Education","Cell Phones","West",19000,"Unmarried"
901,"Dec",14000,10,33,"Female","Secondary Special Education","Computers","West",26000,"Married"
902,"Dec",7500,10,36,"Male","Secondary Education","Cell Phones","West",19000,"Unmarried"
903,"Dec",53000,24,58,"Male","Higher Education","Cosmetics And Beauty Services","West",16000,"Unmarried"
904,"Dec",11000,12,41,"Female","Secondary Education","Cell Phones","West",16000,"Unmarried"
905,"Dec",11000,6,38,"Female","Secondary Special Education","Household Appliances","West",16000,"Unmarried"
906,"Dec",7500,6,42,"Female","Secondary Education","Cell Phones","West",33000,"Unmarried"
907,"Dec",17000,12,36,"Female","Secondary Special Education","Cell Phones","West",41000,"Married"
908,"Dec",91000,36,32,"Male","Higher Education","Clothing","West",41000,"Unmarried"
909,"Dec",9000,12,32,"Male","Secondary Special Education","Cell Phones","West",13000,"Unmarried"
910,"Dec",37500,24,27,"Male","Higher Education","Tourism","West",26000,"Married"
911,"Dec",7500,8,33,"Female","Secondary Special Education","Cell Phones","West",21000,"Unmarried"
912,"Dec",32000,18,34,"Female","Secondary Education","Cell Phones","West",33000,"Married"
913,"Dec",10500,12,26,"Male","Higher Education","Jewelry","West",21000,"Unmarried"
914,"Dec",46500,24,26,"Male","Higher Education","Cosmetics And Beauty Services","West",51000,"Unmarried"
915,"Dec",18500,6,32,"Male","Higher Education","Cell Phones","West",46000,"Unmarried"
916,"Dec",6500,6,24,"Male","Secondary Special Education","Cell Phones","West",18000,"Unmarried"
917,"Dec",5500,12,21,"Male","Incomplete Higher Education","Cell Phones","West",15000,"Unmarried"
918,"Dec",30500,10,25,"Female","Incomplete Higher Education","Cell Phones","West",41000,"Unmarried"
919,"Dec",116000,24,34,"Male","Higher Education","Clothing","West",41000,"Unmarried"
